<resources>
    <string name="app_name">Zidan App 2</string>
    <!-- TODO: Remove or change this placeholder text -->
    <string name="hello_blank_fragment">Hello blank fragment</string>

    <!--Common Strings-->
    <string name="welcome">"Welcome !"</string>

    <!--AuthActivity Strings-->
    <string name="title_activity_auth_login">Login</string>
    <string name="action_activity_auth_login">Login</string>
    <string name="title_activity_auth_signin">Sign in</string>
    <string name="action_activity_auth_signin">Sign in</string>
    <string name="prompt_email">Email</string>
    <string name="prompt_password">Password</string>

</resources>