{
    "description": "TYPE: CUSTOM\nMaterial Theme Builder export 2024-10-29 10:50:55",
    "seed": "#50D546",
    "coreColors": {
        "primary": "#50D546"
    },
    "extendedColors": [],
    "schemes": {
        "light": {
            "primary": "#3F6837",
            "surfaceTint": "#3F6837",
            "onPrimary": "#FFFFFF",
            "primaryContainer": "#BFF0B1",
            "onPrimaryContainer": "#002201",
            "secondary": "#53634E",
            "onSecondary": "#FFFFFF",
            "secondaryContainer": "#D7E8CD",
            "onSecondaryContainer": "#121F0F",
            "tertiary": "#386569",
            "onTertiary": "#FFFFFF",
            "tertiaryContainer": "#BCEBEF",
            "onTertiaryContainer": "#002022",
            "error": "#BA1A1A",
            "onError": "#FFFFFF",
            "errorContainer": "#FFDAD6",
            "onErrorContainer": "#410002",
            "background": "#F8FBF1",
            "onBackground": "#191D17",
            "surface": "#F8FBF1",
            "onSurface": "#191D17",
            "surfaceVariant": "#DFE4D8",
            "onSurfaceVariant": "#43493F",
            "outline": "#73796E",
            "outlineVariant": "#C3C8BC",
            "shadow": "#000000",
            "scrim": "#000000",
            "inverseSurface": "#2E322B",
            "inverseOnSurface": "#EFF2E8",
            "inversePrimary": "#A4D396",
            "primaryFixed": "#BFF0B1",
            "onPrimaryFixed": "#002201",
            "primaryFixedDim": "#A4D396",
            "onPrimaryFixedVariant": "#275021",
            "secondaryFixed": "#D7E8CD",
            "onSecondaryFixed": "#121F0F",
            "secondaryFixedDim": "#BBCBB2",
            "onSecondaryFixedVariant": "#3C4B37",
            "tertiaryFixed": "#BCEBEF",
            "onTertiaryFixed": "#002022",
            "tertiaryFixedDim": "#A0CFD2",
            "onTertiaryFixedVariant": "#1E4D51",
            "surfaceDim": "#D8DBD2",
            "surfaceBright": "#F8FBF1",
            "surfaceContainerLowest": "#FFFFFF",
            "surfaceContainerLow": "#F2F5EB",
            "surfaceContainer": "#ECEFE5",
            "surfaceContainerHigh": "#E6E9E0",
            "surfaceContainerHighest": "#E1E4DA"
        },
        "light-medium-contrast": {
            "primary": "#234C1D",
            "surfaceTint": "#3F6837",
            "onPrimary": "#FFFFFF",
            "primaryContainer": "#547F4B",
            "onPrimaryContainer": "#FFFFFF",
            "secondary": "#384733",
            "onSecondary": "#FFFFFF",
            "secondaryContainer": "#697963",
            "onSecondaryContainer": "#FFFFFF",
            "tertiary": "#1A494D",
            "onTertiary": "#FFFFFF",
            "tertiaryContainer": "#4F7C7F",
            "onTertiaryContainer": "#FFFFFF",
            "error": "#8C0009",
            "onError": "#FFFFFF",
            "errorContainer": "#DA342E",
            "onErrorContainer": "#FFFFFF",
            "background": "#F8FBF1",
            "onBackground": "#191D17",
            "surface": "#F8FBF1",
            "onSurface": "#191D17",
            "surfaceVariant": "#DFE4D8",
            "onSurfaceVariant": "#3F453B",
            "outline": "#5B6157",
            "outlineVariant": "#767D72",
            "shadow": "#000000",
            "scrim": "#000000",
            "inverseSurface": "#2E322B",
            "inverseOnSurface": "#EFF2E8",
            "inversePrimary": "#A4D396",
            "primaryFixed": "#547F4B",
            "onPrimaryFixed": "#FFFFFF",
            "primaryFixedDim": "#3C6634",
            "onPrimaryFixedVariant": "#FFFFFF",
            "secondaryFixed": "#697963",
            "onSecondaryFixed": "#FFFFFF",
            "secondaryFixedDim": "#51604B",
            "onSecondaryFixedVariant": "#FFFFFF",
            "tertiaryFixed": "#4F7C7F",
            "onTertiaryFixed": "#FFFFFF",
            "tertiaryFixedDim": "#366366",
            "onTertiaryFixedVariant": "#FFFFFF",
            "surfaceDim": "#D8DBD2",
            "surfaceBright": "#F8FBF1",
            "surfaceContainerLowest": "#FFFFFF",
            "surfaceContainerLow": "#F2F5EB",
            "surfaceContainer": "#ECEFE5",
            "surfaceContainerHigh": "#E6E9E0",
            "surfaceContainerHighest": "#E1E4DA"
        },
        "light-high-contrast": {
            "primary": "#002901",
            "surfaceTint": "#3F6837",
            "onPrimary": "#FFFFFF",
            "primaryContainer": "#234C1D",
            "onPrimaryContainer": "#FFFFFF",
            "secondary": "#182615",
            "onSecondary": "#FFFFFF",
            "secondaryContainer": "#384733",
            "onSecondaryContainer": "#FFFFFF",
            "tertiary": "#002729",
            "onTertiary": "#FFFFFF",
            "tertiaryContainer": "#1A494D",
            "onTertiaryContainer": "#FFFFFF",
            "error": "#4E0002",
            "onError": "#FFFFFF",
            "errorContainer": "#8C0009",
            "onErrorContainer": "#FFFFFF",
            "background": "#F8FBF1",
            "onBackground": "#191D17",
            "surface": "#F8FBF1",
            "onSurface": "#000000",
            "surfaceVariant": "#DFE4D8",
            "onSurfaceVariant": "#20251D",
            "outline": "#3F453B",
            "outlineVariant": "#3F453B",
            "shadow": "#000000",
            "scrim": "#000000",
            "inverseSurface": "#2E322B",
            "inverseOnSurface": "#FFFFFF",
            "inversePrimary": "#C9F9BA",
            "primaryFixed": "#234C1D",
            "onPrimaryFixed": "#FFFFFF",
            "primaryFixedDim": "#0B3409",
            "onPrimaryFixedVariant": "#FFFFFF",
            "secondaryFixed": "#384733",
            "onSecondaryFixed": "#FFFFFF",
            "secondaryFixedDim": "#22301F",
            "onSecondaryFixedVariant": "#FFFFFF",
            "tertiaryFixed": "#1A494D",
            "onTertiaryFixed": "#FFFFFF",
            "tertiaryFixedDim": "#003236",
            "onTertiaryFixedVariant": "#FFFFFF",
            "surfaceDim": "#D8DBD2",
            "surfaceBright": "#F8FBF1",
            "surfaceContainerLowest": "#FFFFFF",
            "surfaceContainerLow": "#F2F5EB",
            "surfaceContainer": "#ECEFE5",
            "surfaceContainerHigh": "#E6E9E0",
            "surfaceContainerHighest": "#E1E4DA"
        },
        "dark": {
            "primary": "#A4D396",
            "surfaceTint": "#A4D396",
            "onPrimary": "#10380C",
            "primaryContainer": "#275021",
            "onPrimaryContainer": "#BFF0B1",
            "secondary": "#BBCBB2",
            "onSecondary": "#263422",
            "secondaryContainer": "#3C4B37",
            "onSecondaryContainer": "#D7E8CD",
            "tertiary": "#A0CFD2",
            "onTertiary": "#00373A",
            "tertiaryContainer": "#1E4D51",
            "onTertiaryContainer": "#BCEBEF",
            "error": "#FFB4AB",
            "onError": "#690005",
            "errorContainer": "#93000A",
            "onErrorContainer": "#FFDAD6",
            "background": "#11140F",
            "onBackground": "#E1E4DA",
            "surface": "#11140F",
            "onSurface": "#E1E4DA",
            "surfaceVariant": "#43493F",
            "onSurfaceVariant": "#C3C8BC",
            "outline": "#8D9387",
            "outlineVariant": "#43493F",
            "shadow": "#000000",
            "scrim": "#000000",
            "inverseSurface": "#E1E4DA",
            "inverseOnSurface": "#2E322B",
            "inversePrimary": "#3F6837",
            "primaryFixed": "#BFF0B1",
            "onPrimaryFixed": "#002201",
            "primaryFixedDim": "#A4D396",
            "onPrimaryFixedVariant": "#275021",
            "secondaryFixed": "#D7E8CD",
            "onSecondaryFixed": "#121F0F",
            "secondaryFixedDim": "#BBCBB2",
            "onSecondaryFixedVariant": "#3C4B37",
            "tertiaryFixed": "#BCEBEF",
            "onTertiaryFixed": "#002022",
            "tertiaryFixedDim": "#A0CFD2",
            "onTertiaryFixedVariant": "#1E4D51",
            "surfaceDim": "#11140F",
            "surfaceBright": "#363A34",
            "surfaceContainerLowest": "#0B0F0A",
            "surfaceContainerLow": "#191D17",
            "surfaceContainer": "#1D211B",
            "surfaceContainerHigh": "#272B25",
            "surfaceContainerHighest": "#32362F"
        },
        "dark-medium-contrast": {
            "primary": "#A8D79A",
            "surfaceTint": "#A4D396",
            "onPrimary": "#001C01",
            "primaryContainer": "#709C65",
            "onPrimaryContainer": "#000000",
            "secondary": "#BFD0B6",
            "onSecondary": "#0C190A",
            "secondaryContainer": "#85957E",
            "onSecondaryContainer": "#000000",
            "tertiary": "#A4D3D7",
            "onTertiary": "#001A1C",
            "tertiaryContainer": "#6B989C",
            "onTertiaryContainer": "#000000",
            "error": "#FFBAB1",
            "onError": "#370001",
            "errorContainer": "#FF5449",
            "onErrorContainer": "#000000",
            "background": "#11140F",
            "onBackground": "#E1E4DA",
            "surface": "#11140F",
            "onSurface": "#F9FCF2",
            "surfaceVariant": "#43493F",
            "onSurfaceVariant": "#C7CDC0",
            "outline": "#9FA599",
            "outlineVariant": "#7F857A",
            "shadow": "#000000",
            "scrim": "#000000",
            "inverseSurface": "#E1E4DA",
            "inverseOnSurface": "#272B25",
            "inversePrimary": "#285122",
            "primaryFixed": "#BFF0B1",
            "onPrimaryFixed": "#001600",
            "primaryFixedDim": "#A4D396",
            "onPrimaryFixedVariant": "#163E12",
            "secondaryFixed": "#D7E8CD",
            "onSecondaryFixed": "#071406",
            "secondaryFixedDim": "#BBCBB2",
            "onSecondaryFixedVariant": "#2C3A27",
            "tertiaryFixed": "#BCEBEF",
            "onTertiaryFixed": "#001416",
            "tertiaryFixedDim": "#A0CFD2",
            "onTertiaryFixedVariant": "#073C40",
            "surfaceDim": "#11140F",
            "surfaceBright": "#363A34",
            "surfaceContainerLowest": "#0B0F0A",
            "surfaceContainerLow": "#191D17",
            "surfaceContainer": "#1D211B",
            "surfaceContainerHigh": "#272B25",
            "surfaceContainerHighest": "#32362F"
        },
        "dark-high-contrast": {
            "primary": "#F1FFE8",
            "surfaceTint": "#A4D396",
            "onPrimary": "#000000",
            "primaryContainer": "#A8D79A",
            "onPrimaryContainer": "#000000",
            "secondary": "#F1FFE8",
            "onSecondary": "#000000",
            "secondaryContainer": "#BFD0B6",
            "onSecondaryContainer": "#000000",
            "tertiary": "#EDFEFF",
            "onTertiary": "#000000",
            "tertiaryContainer": "#A4D3D7",
            "onTertiaryContainer": "#000000",
            "error": "#FFF9F9",
            "onError": "#000000",
            "errorContainer": "#FFBAB1",
            "onErrorContainer": "#000000",
            "background": "#11140F",
            "onBackground": "#E1E4DA",
            "surface": "#11140F",
            "onSurface": "#FFFFFF",
            "surfaceVariant": "#43493F",
            "onSurfaceVariant": "#F7FDEF",
            "outline": "#C7CDC0",
            "outlineVariant": "#C7CDC0",
            "shadow": "#000000",
            "scrim": "#000000",
            "inverseSurface": "#E1E4DA",
            "inverseOnSurface": "#000000",
            "inversePrimary": "#083206",
            "primaryFixed": "#C4F4B5",
            "onPrimaryFixed": "#000000",
            "primaryFixedDim": "#A8D79A",
            "onPrimaryFixedVariant": "#001C01",
            "secondaryFixed": "#DBECD1",
            "onSecondaryFixed": "#000000",
            "secondaryFixedDim": "#BFD0B6",
            "onSecondaryFixedVariant": "#0C190A",
            "tertiaryFixed": "#C0EFF3",
            "onTertiaryFixed": "#000000",
            "tertiaryFixedDim": "#A4D3D7",
            "onTertiaryFixedVariant": "#001A1C",
            "surfaceDim": "#11140F",
            "surfaceBright": "#363A34",
            "surfaceContainerLowest": "#0B0F0A",
            "surfaceContainerLow": "#191D17",
            "surfaceContainer": "#1D211B",
            "surfaceContainerHigh": "#272B25",
            "surfaceContainerHighest": "#32362F"
        }
    },
    "palettes": {
        "primary": {
            "0": "#000000",
            "5": "#001500",
            "10": "#002201",
            "15": "#002D01",
            "20": "#003A02",
            "25": "#004603",
            "30": "#005304",
            "35": "#006106",
            "40": "#006E08",
            "50": "#008B0D",
            "60": "#13A81A",
            "70": "#3DC437",
            "80": "#5CE150",
            "90": "#BAF1AB",
            "95": "#CAFFBA",
            "98": "#ECFFE2",
            "99": "#F7FFEE",
            "100": "#FFFFFF"
        },
        "secondary": {
            "0": "#000000",
            "5": "#001500",
            "10": "#072105",
            "15": "#112B0E",
            "20": "#1C3617",
            "25": "#274221",
            "30": "#324D2C",
            "35": "#3E5937",
            "40": "#496642",
            "50": "#617F59",
            "60": "#7A9971",
            "70": "#94B48A",
            "80": "#AFD0A4",
            "90": "#CBECBE",
            "95": "#D9FACC",
            "98": "#ECFFE2",
            "99": "#F7FFEE",
            "100": "#FFFFFF"
        },
        "tertiary": {
            "0": "#000000",
            "5": "#001416",
            "10": "#002022",
            "15": "#002B2E",
            "20": "#00373A",
            "25": "#004346",
            "30": "#004F54",
            "35": "#005C61",
            "40": "#00696F",
            "50": "#00848B",
            "60": "#349FA6",
            "70": "#55BAC1",
            "80": "#73D6DD",
            "90": "#90F2FA",
            "95": "#C3FBFF",
            "98": "#E8FEFF",
            "99": "#F3FEFF",
            "100": "#FFFFFF"
        },
        "neutral": {
            "0": "#000000",
            "5": "#0F120E",
            "10": "#1A1C18",
            "15": "#242622",
            "20": "#2F312D",
            "25": "#3A3C38",
            "30": "#454743",
            "35": "#51534E",
            "40": "#5D5F5A",
            "50": "#767872",
            "60": "#90918C",
            "70": "#ABACA6",
            "80": "#C6C7C1",
            "90": "#E2E3DD",
            "95": "#F1F1EB",
            "98": "#F9FAF3",
            "99": "#FCFDF6",
            "100": "#FFFFFF"
        },
        "neutral-variant": {
            "0": "#000000",
            "5": "#0D120B",
            "10": "#171D15",
            "15": "#22271F",
            "20": "#2C3229",
            "25": "#373D34",
            "30": "#43493F",
            "35": "#4E544B",
            "40": "#5A6056",
            "50": "#73796E",
            "60": "#8D9387",
            "70": "#A7ADA1",
            "80": "#C3C8BC",
            "90": "#DFE4D8",
            "95": "#EDF3E6",
            "98": "#F6FBEE",
            "99": "#F9FEF1",
            "100": "#FFFFFF"
        }
    }
}